<?xml version="1.0" encoding="UTF-8"?>
<!DOCTYPE suite SYSTEM "https://testng.org/testng-1.0.dtd" >
<suite name="TradeBea RestAssured Test" verbose="1">

	<listeners>
		<listener
			class-name="com.qa.jotform.extentReport.ExtentReporterNG" />
	</listeners>

	<test name="common">
		<classes>
		<class name="com.qa.joform.testCases.loginPageTest"></class>
			<class name="com.qa.joform.testCases.homePageTest"></class>
			<class name="com.qa.joform.testCases.leavePageTest"></class>
			
		</classes>
	</test>

</suite>